Módulo 1: Fundamentos de los promedios,¿Qué es un promedio y por qué importa?,"Un promedio es un valor representativo de un conjunto de datos. Nos ayuda a resumir mucha información en un solo número. Pero usar el promedio incorrecto puede llevar a decisiones equivocadas. Ejemplo: Si en una empresa 5 empleados ganan 1.000 € y el jefe gana 10.000 €, la media aritmética (2.500 €) no representa bien al grupo; la mediana (1.000 €) sí.","Árbol conceptual: Datos → Necesidad de resumir → Promedio → Tipos según objetivo",¿Sabía que la palabra promedio viene del francés 'prôt moyen' (ganancia media)? No todo se puede promediar con la media aritmética.,"Angel Gutiérrez, J. C. (s/f). La correcta utilización de los promedios. Universidad EAFIT.","Pregunta: ¿Por qué la media aritmética no es siempre la mejor opción? Responda con un ejemplo cotidiano."
Módulo 1: Fundamentos de los promedios,Escalas de medición: Nominal, ordinal, intervalo y razón,"La escala determina qué promedio usar. * Nominal: solo categorías (ej. sexo, color). No se puede calcular media. * Ordinal: orden pero no distancia (ej. puesto en una carrera). Se usa mediana. * Intervalo: distancias iguales sin cero absoluto (ej. temperatura °C). Se puede usar media. * Razón: cero absoluto (ej. peso, ingresos). Se puede usar media, geométrica, armónica.","Mapa: Escala de medición → Tipo de variable → Promedio permitido: Nominal → Moda; Ordinal → Mediana; Intervalo/Razón → Media, etc.",Ejemplo de error: Promediar el sexo (1=Hombre, 2=Mujer) da un sin sentido. Eso ocurre si se usa escala nominal como si fuera numérica.,"Stevens, S. S. (1946). On the theory of scales of measurement.",Ejercicio: Clasifique estas variables en las cuatro escalas: temperatura en Fahrenheit, nivel socioeconómico (bajo, medio, alto), número de hijos, tipo de sangre.
Módulo 2: Tipos de promedios,Media aritmética (el promedio común),"Suma de todos los valores dividida entre el número de datos. Se usa cuando la distribución es simétrica y no hay valores extremos. Fórmula: X̄ = (Σx)/n. Ejemplo: Notas de un estudiante: 4, 5, 3, 4 → media = 4. Pero si una nota es 0, la media baja mucho (2.4) y deja de ser representativa.",Centro de gravedad de los datos (analogía física con masas),La media aritmética es sensible a valores atípicos (outliers). No usarla en distribuciones muy asimétricas.,"Downie & Heath (1986). Métodos estadísticos aplicados.",Calcula la media de: 10, 12, 11, 13, 10. Luego añade un valor extremo 100 y vuelve a calcular. ¿Qué observas?
Módulo 2: Tipos de promedios,Mediana (el valor del medio),"Es el valor central cuando ordenamos los datos. Si n es impar, la mediana es el dato de la posición (n+1)/2. Si n es par, es el promedio de los dos centrales. Ejemplo: Ingresos mensuales de 5 personas: 800, 900, 1000, 1100, 5000. La media es 1760, pero la mediana es 1000 (más representativa).",Por debajo de la mediana está el 50% de los datos.,Propiedad: La suma de las distancias absolutas a la mediana es mínima. No es única si n es par (cualquier valor entre los dos centrales cumple).,Netter & Wasserman (1975). Fundamentos de estadística.,Dados los salarios: 1200, 1300, 1250, 1400, 20000. Calcula mediana y media. ¿Cuál usarías para una negociación sindical?
Módulo 2: Tipos de promedios,Moda (el valor más frecuente),"Es el valor que más se repite. Puede no existir (todos diferentes) o haber varias modas (bimodal, multimodal). Ejemplo: En una zapatería, los números más vendidos: 38, 38, 39, 39, 39, 40 → moda = 39. Muy útil para datos nominales (colores, marcas).",No requiere cálculos complejos, ideal para comunicar rápidamente.,No usar como único promedio si los datos son muy variados.,Levin (1988). Estadística para administradores.,En una encuesta de transporte: 20 usan bus, 15 bicicleta, 5 auto. ¿Cuál es la moda? ¿Qué significa?
Módulo 2: Tipos de promedios,Media geométrica y armónica (casos especiales),"Media geométrica: raíz n-ésima del producto de n números. Útil para tasas de crecimiento, índices. Ejemplo: Crecimiento anual: 10%, 20%, -5% → geométrica ≈ 7.9% (no la aritmética 8.3%). Media armónica: inversa de la media de los inversos. Útil para promediar velocidades si la distancia es constante. Ejemplo: Viaje ida a 60 km/h y vuelta a 40 km/h → armónica = 48 km/h (no 50).","Relación: Armónica ≤ Geométrica ≤ Aritmética (igualdad solo si todos los datos iguales)",Usar geométrica para promedios de porcentajes o índices. Usar armónica para tasas (ej. producción por hora).,Angel Gutiérrez, J. C. (s/f). La correcta utilización de los promedios.,Un corredor va de A a B a 10 km/h y regresa a 20 km/h. ¿Cuál es su velocidad promedio? (Respuesta: 13.33 km/h, la armónica)
Módulo 3: ¿Cuándo usar cada promedio?,Reglas prácticas de selección,"1. Datos simétricos sin extremos → Media aritmética. 2. Datos asimétricos o con valores atípicos → Mediana. 3. Datos nominales o buscar el caso típico → Moda. 4. Tasas de crecimiento o índices → Geométrica. 5. Promedio de velocidades con distancia constante → Armónica. 6. Promedio de promedios con diferentes tamaños de muestra → Ponderada.","Diagrama de decisión: ¿Escala nominal? → Moda. ¿Ordinal? → Mediana. ¿Intervalo/razón? → ¿Distribución simétrica? → Sí: Media / No: Mediana",Siempre acompañar el promedio con una medida de dispersión (desviación estándar, rango) para entender la variabilidad.,"Martínez, C. (1992). Estadística (6a ed.). ECOE.",Proporcione para cada situación el mejor promedio: (a) estatura de estudiantes de una clase sin casos extremos, (b) número de hijos por familia en una ciudad, (c) color de ojos preferido.
Módulo 4: Dispersión y forma de la distribución,Medidas de dispersión absoluta,"No basta con un promedio, necesitamos saber cuánto se alejan los datos. * Rango: max - min. * Varianza: promedio de los cuadrados de las diferencias con la media. * Desviación estándar: raíz cuadrada de la varianza (misma unidad que los datos). Ejemplo: Dos clases tienen media 5.0, pero una tiene desviación 0.5 (todos cerca) y otra 2.0 (muy dispersa). La primera es más homogénea.",Fórmulas clave: s² = Σ(xi - x̄)²/(n-1) ; s = √s²,Una desviación estándar pequeña indica que los datos están concentrados alrededor de la media.,"Sánchez, J. I. (1990). Manual práctico de estadística.",Calcula la desviación estándar de los siguientes dos conjuntos: A=[4,5,6] ; B=[0,5,10]. ¿Cuál es más disperso?
Módulo 4: Dispersión y forma de la distribución,Coeficiente de asimetría y curtosis,"* Asimetría: Si la cola larga está a la derecha → sesgo positivo (media > mediana). Si está a la izquierda → sesgo negativo (media < mediana). Simétrica → media = mediana. * Curtosis: Mide qué tan puntiaguda o plana es la distribución. Alta curtosis (más pico) vs baja (más aplanada).","Formas: Simétrica, sesgada a derecha, sesgada a izquierda. Relación entre promedios: Sesgo derecha: Mo < Med < Media. Sesgo izquierda: Media < Med < Mo.",En distribuciones muy asimétricas, la media no es representativa. Prefiera mediana.,"Netter & Wasserman (1975).",Si los salarios en una empresa tienen media = 2500, mediana = 1800, ¿la distribución es sesgada a derecha o izquierda? ¿Por qué?
Módulo 5: Aplicación a datos reales (Caso utilidad financiera),Paso 1: Tipos de variables y escala,"El archivo DATOS_PRACT_1.xlsx contiene dos columnas: 'FECHA' (escala de intervalo, variable cuantitativa continua temporal) y 'UTILIDAD FINANCIERA Y OPERATIVA' (escala de razón, variable cuantitativa continua, en miles de millones de pesos colombianos). La utilidad puede ser cero o positiva, no negativa en este caso.",¿Por qué es escala de razón? Porque existe el cero absoluto (utilidad cero significa sin ganancia).,Las fechas no deben promediarse con media aritmética porque carece de sentido (¿qué significa la fecha promedio?).,Angel Gutiérrez, ejemplo de escala de intervalo.,Clasifique: temperatura en Kelvin (0 absoluto), año calendario, cantidad de dinero, número de empleados.
Módulo 5: Aplicación a datos reales (Caso utilidad financiera),Paso 2: Estadísticas descriptivas del Excel,"Al aplicar análisis de datos en Excel, obtenemos: Media = 88.435.271,92 (unos 88 millones), Mediana = 9.859.240,63 (casi 10 millones), Moda = 0, Desviación estándar = 142.079.854,24, Rango = 753.462.610,17, Mínimo = 0, Máximo = 753.462.610,17. Nótese que la media es mucho mayor que la mediana, indicando asimetría positiva (datos muy grandes inflan la media).","Interpretación visual: Pocos días con utilidad muy alta elevan el promedio.",¿Por qué la moda es cero? Porque probablemente hubo varios días sin utilidad (cero). Esto no significa que cero sea el valor más común con sentido.,"Sánchez, J. I. (1990).",¿Qué indica que la media sea casi 9 veces la mediana?
Módulo 5: Aplicación a datos reales (Caso utilidad financiera),Paso 3: ¿Cuál es el promedio representativo?,"Dado que la distribución es fuertemente asimétrica (sesgo positivo = 2,35; curtosis alta = 7,02), la mediana (9,86 millones) es mucho más representativa que la media (88,4 millones). La mediana nos dice que el 50% de los días la utilidad fue menor o igual a 9,86 millones. La media está inflada por unos pocos días de utilidad enorme.","Regla práctica: En finanzas y economía, cuando hay outliers (valores extremos), use mediana.",Si un analista reporta la media (88 millones) para mostrar buenos resultados, estaría engañando. El verdadero "día típico" genera solo 10 millones.,"Angel Gutiérrez, J. C. – caso de la tierra (sesgo en posesión).",Un directivo dice: "La utilidad promedio diaria fue 88 millones". ¿Es correcto? Argumente.
Módulo 5: Aplicación a datos reales (Caso utilidad financiera),Paso 4: Análisis de dispersión,"La desviación estándar (142 millones) es superior a la media, indicando una variabilidad enorme. El rango (753 millones) desde 0 hasta 753 millones muestra que hay días sin ganancia y un día excepcionalmente alto. Coeficiente de variación = (s/ media)*100 = (142/88)*100 ≈ 161% → dispersión relativa altísima. Los datos están muy concentrados en valores bajos pero con algunos valores extremos altos.",CV > 100% implica que la media no es confiable como representante.,En estos casos, además de la mediana, se recomienda presentar los cuartiles (Q1, Q3) y el rango intercuartílico.,Levin (1988) – dispersión relativa.,Calcule el coeficiente de variación en dos escenarios: salarios muy homogéneos vs salarios con grandes diferencias.
Módulo 5: Aplicación a datos reales (Caso utilidad financiera),Paso 5: Relación entre promedios y conclusión final,"Observamos: Moda (0) < Mediana (9,86M) < Media (88,4M), lo cual corresponde a una distribución sesgada a la derecha (cola larga hacia valores altos). La media sobreestima el valor típico. La mediana es el mejor promedio para este conjunto. Recomendación para la empresa: Para planificación financiera, basarse en la mediana de utilidad (≈10 millones), no en la media, para evitar proyecciones demasiado optimistas.","Recordar: Media armónica < Media geométrica < Media aritmética, pero en este caso no aplican por la presencia de ceros.",Cuidado con los promedios mal utilizados: pueden llevar a decisiones de inversión erróneas.,Angel Gutiérrez – "Pocas cosas son tan peligrosas como la estadística en manos de un inexperto.",Redacte un párrafo que explique a la junta directiva por qué la mediana es más útil que la media para tomar decisiones.